{"cameraMode":{"drawMode":0,"name":"Shaded","section":"Shading Mode"},"sceneLighting":false,"audioPlay":false,"sceneViewState":{"showFog":true,"showMaterialUpdate":false,"showSkybox":false,"showFlares":true,"showImageEffects":true,"showParticleSystems":true},"in2DMode":false,"pivot":{"x":5.353252410888672,"y":4.178889274597168,"z":-0.6810861229896545},"rotation":{"x":0.226304829120636,"y":0.01606740802526474,"z":-0.0037362370640039446,"w":0.9739376306533814},"size":3.3060550689697267,"orthographic":false}