{"cameraMode":{"drawMode":0,"name":"Shaded","section":"Shading Mode"},"sceneLighting":false,"audioPlay":false,"sceneViewState":{"showFog":true,"showMaterialUpdate":false,"showSkybox":false,"showFlares":true,"showImageEffects":true,"showParticleSystems":true},"in2DMode":false,"pivot":{"x":0.0,"y":0.6724613904953003,"z":0.027246952056884767},"rotation":{"x":0.030525803565979005,"y":0.07250430434942246,"z":-0.002207423560321331,"w":0.9969375133514404},"size":2.5587151050567629,"orthographic":false}